Date,Forecast,Lower80,Upper80
2012-11-02,48559197.472058564,47982362.43168839,52164767.18500426
2012-11-09,47980556.47972942,47410595.119682364,51543161.51151844
2012-11-16,46811001.134684525,46254932.93061605,50286765.49469074
2012-11-23,64402874.02892054,63637831.84588603,69184852.81180607
2012-11-30,50793415.56288549,50190040.230465405,54564878.237407334
2012-12-07,55737007.627737485,55074907.33121676,59875537.032150105
2012-12-14,61313984.73444849,60585635.48856355,65866610.351166084
2012-12-21,75797869.90792783,74897466.49056347,81425938.70381512
2012-12-28,46538231.738445446,45985403.76390881,49993742.693846606
2013-01-04,45618961.67028574,45077053.71120412,49006215.88981969
2013-01-11,42813769.29617159,42305184.23657362,45992735.133902855
2013-01-18,42361786.809117004,41858570.85258786,45507192.48830068
2013-01-25,41824708.278390236,41327872.2814173,44930235.331388295
2013-02-01,45255617.347727224,44718025.55834944,48615892.882419
2013-02-08,49126667.296950795,48543091.27863223,52774372.22052923
2013-02-15,48677077.82722595,48098842.48530691,52291400.276223086
2013-02-22,47078155.80118058,46518914.064993456,50573756.66640796
2013-03-01,47251307.52093369,46690008.914278075,50759765.0771483
2013-03-08,47085856.637435205,46526523.42296131,50582029.29757291
2013-03-15,46525067.645413965,45972396.04722889,49979601.153542444
2013-03-22,45602116.99268766,45060409.131646946,48988120.47780807
2013-03-29,48380288.47902174,47805578.699808955,51972574.017593704
2013-04-05,48938673.41829693,48357330.58055441,52572419.60552096
2013-04-12,46144114.080484405,45595967.83231426,49570361.399646536
2013-04-19,45507808.47922054,44967220.9096592,48886809.46146751
2013-04-26,45061289.96878976,44526006.595681384,48407136.498300865
2013-05-03,46654431.78634698,46100223.470643036,50118570.71327913
2013-05-10,46892178.18162966,46335145.67486284,50373970.01978808
2013-05-17,47171940.474538386,46611584.66957215,50674504.94697925
2013-05-24,47861943.82179852,47293391.46232989,51415741.74331242
2013-05-31,48215581.2314034,47642828.0107166,51795637.08961755
2013-06-07,48923291.66653726,48342131.54872957,52555895.743076526
2013-06-14,48557105.62865837,47980295.437310316,52162520.02010781
2013-06-21,48318159.6304956,47744187.880301274,51905832.038987
2013-06-28,47814167.58802627,47246182.76276684,51364418.07567686
2013-07-05,49442585.1551247,48855256.346398555,53113747.30041414
2013-07-12,47047070.23181384,46488197.76131878,50540362.961955525
2013-07-19,46718628.48383672,46163657.57512226,50187534.080734394
2013-07-26,45762209.793443665,45218600.18892294,49160100.33155746
2013-08-02,47138505.46463953,46578546.83438558,50638587.35364988
2013-08-09,47275706.18337469,46714117.744840324,50785975.36504675
2013-08-16,47459252.66404877,46895483.87560952,50983150.358259924
2013-08-23,47599196.47967485,47033765.29768837,51133485.14427686
2013-08-30,47396791.12735065,46833764.31993494,50916050.98904671
2013-09-06,47966157.86826014,47396367.549417645,51527693.7885291
2013-09-13,45486889.03419629,44946549.966866106,48864336.72641135
2013-09-20,45048561.10305897,44513428.936234064,48393462.50136635
2013-09-27,44392522.813233115,43865183.729760006,47688712.702465616
2013-10-04,45722001.396287255,45178869.42759258,49116906.42008985
2013-10-11,45241641.99866651,44704216.222556226,48600879.84950178
2013-10-18,45277570.437039174,44739717.86676263,48639476.01090065
2013-10-25,46222310.96772553,45673235.81819464,49654364.485156186
2013-11-01,48531457.7586275,47954952.23850374,52134967.76968766
2013-11-08,49824690.47620924,49232822.63574888,53524224.32952887
2013-11-15,49188576.34440921,48604264.908090584,52840878.07761576
2013-11-22,47864889.86190257,47296302.506403305,51418906.529885225
2013-11-29,65290740.12646733,64515150.97596046,70138643.86851859
2013-12-06,51247006.44072939,50638242.899155244,55052148.69844787
